Category,Count,EM,F1,Precision,Recall,Answerability,AUC
Insurance,102,0.0,0.5236010466988729,0.5236010466988729,0.5236010466988729,31.372549019607842,31.372549019607842
Parties,102,0.0,7.31499673347586,7.31499673347586,7.31499673347586,100.0,100.0
