{
  "overall_metrics": {
    "macro": {
      "em": 62.55380200860833,
      "f1": 66.12753126927785,
      "precision": 66.12753126927785,
      "recall": 66.12753126927785,
      "auc": 0.0
    },
    "weighted": {
      "em": 62.55380200860832,
      "f1": 66.12753126927787,
      "precision": 66.12753126927787,
      "recall": 66.12753126927787
    },
    "per_category": {
      "em": [
        4.901960784313726,
        0.0,
        2.941176470588235,
        8.823529411764707,
        9.803921568627452,
        53.92156862745098,
        74.50980392156863,
        8.823529411764707,
        97.05882352941177,
        74.50980392156863,
        56.86274509803921,
        93.13725490196079,
        83.33333333333334,
        90.19607843137256,
        92.15686274509804,
        41.17647058823529,
        82.35294117647058,
        68.62745098039215,
        12.745098039215685,
        45.09803921568628,
        100.0,
        54.90196078431373,
        79.41176470588235,
        76.47058823529412,
        93.13725490196079,
        26.47058823529412,
        71.56862745098039,
        94.11764705882352,
        88.23529411764706,
        97.05882352941177,
        86.27450980392157,
        99.01960784313727,
        55.88235294117647,
        38.23529411764706,
        82.35294117647058,
        27.450980392156865,
        85.29411764705883,
        88.23529411764706,
        50.0,
        75.49019607843137,
        94.11764705882352
      ],
      "f1": [
        47.11778497678152,
        8.17567017934665,
        34.392904929237105,
        24.914057783610943,
        20.308996904632277,
        55.63736391496893,
        75.00555541007228,
        14.667823547382246,
        97.05882352941177,
        74.91005876681454,
        58.58072312241843,
        93.13725490196079,
        83.38680926916223,
        90.19607843137256,
        92.15686274509804,
        42.90235854241067,
        82.71205192765319,
        69.19489281624021,
        16.7860739104689,
        47.67796517411873,
        100.0,
        56.53658228871563,
        79.41176470588235,
        77.08569749430329,
        93.13725490196079,
        32.87897713319662,
        72.08083058381945,
        94.11764705882352,
        88.34814501340105,
        97.05882352941177,
        86.27450980392157,
        99.01960784313727,
        58.05908189485686,
        40.71499707707,
        82.52278010440818,
        30.41821098264811,
        85.29411764705883,
        88.23529411764706,
        51.22899352906429,
        75.76770848907958,
        94.11764705882352
      ],
      "precision": [
        47.11778497678152,
        8.17567017934665,
        34.392904929237105,
        24.914057783610943,
        20.308996904632277,
        55.63736391496893,
        75.00555541007228,
        14.667823547382246,
        97.05882352941177,
        74.91005876681454,
        58.58072312241843,
        93.13725490196079,
        83.38680926916223,
        90.19607843137256,
        92.15686274509804,
        42.90235854241067,
        82.71205192765319,
        69.19489281624021,
        16.7860739104689,
        47.67796517411873,
        100.0,
        56.53658228871563,
        79.41176470588235,
        77.08569749430329,
        93.13725490196079,
        32.87897713319662,
        72.08083058381945,
        94.11764705882352,
        88.34814501340105,
        97.05882352941177,
        86.27450980392157,
        99.01960784313727,
        58.05908189485686,
        40.71499707707,
        82.52278010440818,
        30.41821098264811,
        85.29411764705883,
        88.23529411764706,
        51.22899352906429,
        75.76770848907958,
        94.11764705882352
      ],
      "recall": [
        47.11778497678152,
        8.17567017934665,
        34.392904929237105,
        24.914057783610943,
        20.308996904632277,
        55.63736391496893,
        75.00555541007228,
        14.667823547382246,
        97.05882352941177,
        74.91005876681454,
        58.58072312241843,
        93.13725490196079,
        83.38680926916223,
        90.19607843137256,
        92.15686274509804,
        42.90235854241067,
        82.71205192765319,
        69.19489281624021,
        16.7860739104689,
        47.67796517411873,
        100.0,
        56.53658228871563,
        79.41176470588235,
        77.08569749430329,
        93.13725490196079,
        32.87897713319662,
        72.08083058381945,
        94.11764705882352,
        88.34814501340105,
        97.05882352941177,
        86.27450980392157,
        99.01960784313727,
        58.05908189485686,
        40.71499707707,
        82.52278010440818,
        30.41821098264811,
        85.29411764705883,
        88.23529411764706,
        51.22899352906429,
        75.76770848907958,
        94.11764705882352
      ],
      "auc": [
        0.0,
        0.0,
        0.0,
        0.0,
        0.0,
        0.0,
        0.0,
        0.0,
        0.0,
        0.0,
        0.0,
        0.0,
        0.0,
        0.0,
        0.0,
        0.0,
        0.0,
        0.0,
        0.0,
        0.0,
        0.0,
        0.0,
        0.0,
        0.0,
        0.0,
        0.0,
        0.0,
        0.0,
        0.0,
        0.0,
        0.0,
        0.0,
        0.0,
        0.0,
        0.0,
        0.0,
        0.0,
        0.0,
        0.0,
        0.0,
        0.0
      ]
    }
  },
  "uniformed_performance": {
    "uniformed_scores": {
      "em": 62.55380200860833,
      "f1": 66.12753126927785,
      "answerability": 0.0
    },
    "std_deviation": {
      "em": 31.762594701228004,
      "f1": 26.9022552425247,
      "answerability": 0.0
    },
    "n_categories": 41
  },
  "category_distribution": {
    "Excellent (>75%)": 21,
    "Good (50-75%)": 8,
    "Moderate (25-50%)": 7,
    "Poor (10-25%)": 4,
    "Very Poor (<10%)": 1
  },
  "best_categories": [
    [
      "Price Restrictions",
      {
        "em": 100.0,
        "f1": 100.0,
        "count": 102,
        "answerability": 0.0
      }
    ],
    [
      "Source Code Escrow",
      {
        "em": 99.01960784313727,
        "f1": 99.01960784313727,
        "count": 102,
        "answerability": 0.0
      }
    ],
    [
      "Most Favored Nation",
      {
        "em": 97.05882352941177,
        "f1": 97.05882352941177,
        "count": 102,
        "answerability": 0.0
      }
    ],
    [
      "Unlimited/All-You-Can-Eat-License",
      {
        "em": 97.05882352941177,
        "f1": 97.05882352941177,
        "count": 102,
        "answerability": 0.0
      }
    ],
    [
      "Affiliate License-Licensor",
      {
        "em": 94.11764705882352,
        "f1": 94.11764705882352,
        "count": 102,
        "answerability": 0.0
      }
    ]
  ],
  "worst_categories": [
    [
      "Effective Date",
      {
        "em": 8.823529411764707,
        "f1": 24.914057783610943,
        "count": 102,
        "answerability": 0.0
      }
    ],
    [
      "Expiration Date",
      {
        "em": 9.803921568627452,
        "f1": 20.308996904632277,
        "count": 102,
        "answerability": 0.0
      }
    ],
    [
      "Anti-Assignment",
      {
        "em": 12.745098039215685,
        "f1": 16.7860739104689,
        "count": 102,
        "answerability": 0.0
      }
    ],
    [
      "Governing Law",
      {
        "em": 8.823529411764707,
        "f1": 14.667823547382246,
        "count": 102,
        "answerability": 0.0
      }
    ],
    [
      "Parties",
      {
        "em": 0.0,
        "f1": 8.17567017934665,
        "count": 102,
        "answerability": 0.0
      }
    ]
  ]
}